{
  "agent": [
    {
      "Score": 1.0812499523162842
    },
    {
      "Score": 1.0764800310134888
    }
  ],
  "baseline": {
    "Score": 1.0226699113845825
  }
}