{
  "task": "Battle of Sexes",
  "primary_metric": "Score",
  "higher_is_better": true,
  "search_policy": "linear",
  "best_score": 1.4467999935150146,
  "baseline_score": 1.0226699113845825,
  "improvement": 0.42413008213043213,
  "total_actions": 180,
  "max_actions": 180,
  "all_scores": [
    1.074410080909729,
    1.3662599325180054,
    1.4047600030899048,
    1.4180700778961182,
    1.4346599578857422,
    1.1455999612808228,
    1.095139980316162,
    1.131290078163147,
    1.1096000671386719,
    1.1430100202560425,
    1.0751999616622925,
    1.1648300886154175,
    1.1826999187469482,
    1.2209300994873047,
    1.2570099830627441,
    1.0714099407196045,
    1.2024399042129517,
    1.2359899282455444,
    1.2730798721313477,
    1.299049973487854,
    1.3253298997879028,
    1.3709299564361572,
    1.3983500003814697,
    1.4381999969482422,
    1.4200299978256226,
    1.4397400617599487,
    1.4389400482177734,
    1.3891799449920654,
    1.4408799409866333,
    1.4005000591278076,
    1.4408600330352783,
    1.0743000507354736,
    1.4397600889205933,
    1.3629800081253052,
    1.440440058708191,
    1.381290078163147,
    1.4377400875091553,
    1.3494000434875488,
    1.4403800964355469,
    1.3084200620651245,
    1.4394199848175049,
    1.3289999961853027,
    1.4467999935150146,
    1.2986799478530884,
    1.4405200481414795,
    1.2627599239349365,
    1.4421199560165405,
    1.2209299802780151,
    1.4374399185180664,
    1.1847299337387085,
    1.442020058631897,
    1.1477599143981934,
    1.4355400800704956,
    1.1123600006103516,
    1.4398199319839478,
    1.0744600296020508,
    1.4388999938964844,
    1.093070149421692,
    1.4402999877929688,
    1.0715599060058594,
    1.4352400302886963,
    1.0923999547958374,
    1.4430400133132935,
    1.1138300895690918,
    1.4386200904846191,
    1.1335999965667725,
    1.4450000524520874,
    1.1532599925994873,
    1.4405800104141235
  ],
  "elapsed_seconds": 279.2
}