{
  "task": "Titanic Survival Prediction",
  "primary_metric": "accuracy",
  "higher_is_better": true,
  "search_policy": "linear",
  "best_score": 0.8516746411483254,
  "baseline_score": 0.76555,
  "improvement": 0.08612464114832541,
  "total_actions": 180,
  "max_actions": 180,
  "all_scores": [
    0.8516746411483254,
    0.8516746411483254,
    0.8349282296650717,
    0.8421052631578947,
    0.8421052631578947,
    0.8421052631578947,
    0.8229665071770335,
    0.8421052631578947,
    0.8444976076555024,
    0.8229665071770335,
    0.8421052631578947,
    0.8421052631578947,
    0.8516746411483254,
    0.8516746411483254,
    0.8516746411483254,
    0.8516746411483254,
    0.8516746411483254,
    0.8516746411483254,
    0.8516746411483254,
    0.8516746411483254,
    0.8516746411483254,
    0.8516746411483254,
    0.8516746411483254,
    0.8516746411483254,
    0.8516746411483254,
    0.8516746411483254,
    0.8516746411483254,
    0.8516746411483254,
    0.8516746411483254,
    0.8516746411483254,
    0.8516746411483254,
    0.8516746411483254,
    0.8516746411483254,
    0.8516746411483254,
    0.8516746411483254,
    0.8516746411483254,
    0.8516746411483254
  ],
  "elapsed_seconds": 6398.9
}