{
  "task": "Titanic Survival Prediction",
  "primary_metric": "accuracy",
  "higher_is_better": true,
  "search_policy": "linear",
  "best_score": 0.9186602870813397,
  "baseline_score": 0.76555,
  "improvement": 0.15311028708133978,
  "total_actions": 180,
  "max_actions": 180,
  "all_scores": [
    0.9186602870813397,
    0.9186602870813397,
    0.9186602870813397,
    0.9186602870813397,
    0.9186602870813397,
    0.9186602870813397,
    0.9186602870813397,
    0.9186602870813397,
    0.9186602870813397,
    0.9186602870813397,
    0.9186602870813397,
    0.9186602870813397,
    0.9186602870813397,
    0.9186602870813397,
    0.9186602870813397,
    0.9186602870813397,
    0.9186602870813397,
    0.9186602870813397,
    0.9186602870813397,
    0.9186602870813397,
    0.9186602870813397,
    0.9186602870813397,
    0.9186602870813397,
    0.9186602870813397,
    0.9186602870813397,
    0.9186602870813397,
    0.9186602870813397,
    0.9186602870813397,
    0.9186602870813397,
    0.9186602870813397,
    0.9186602870813397,
    0.9186602870813397,
    0.9186602870813397,
    0.9186602870813397,
    0.9186602870813397,
    0.9186602870813397
  ],
  "elapsed_seconds": 312.8
}