{
  "agent": [
    {
      "Score": 1.0250200033187866
    },
    {
      "Score": 1.0724700689315796
    },
    {
      "Score": 1.0742700099945068
    }
  ],
  "baseline": {
    "Score": 1.0226699113845825
  }
}