{
  "agent": [
    {
      "Score": 1.0205299854278564
    },
    {
      "Score": 1.1127300262451172
    },
    {
      "Score": 1.1078898906707764
    }
  ],
  "baseline": {
    "Score": 1.0226699113845825
  }
}